id,y_true,pred_continuous,pred_label
0,1,1.6326218,1
1,1,3.4343143,3
2,2,3.2300513,3
3,1,3.6562662,4
4,1,1.9823828,2
5,2,3.179747,3
6,3,3.6375558,4
7,3,4.192039,5
8,4,1.8601243,2
9,1,3.6284428,4
10,3,2.804658,3
11,4,2.621517,3
12,4,2.6961794,3
13,2,3.4581673,4
14,5,4.0236764,4
15,2,3.680797,4
16,4,2.5819001,3
17,5,2.4642496,2
18,5,3.9902442,4
19,4,2.4926233,2
20,4,3.9710114,4
21,2,2.508862,2
22,5,3.3861856,3
23,5,3.3323934,3
24,3,3.0709932,3
25,2,2.3536978,2
26,5,4.2431607,5
27,4,3.337114,3
28,4,2.8534985,3
29,4,3.4191136,3
30,4,2.7866297,3
31,5,3.9159338,4
32,5,3.905856,4
33,4,4.410186,5
34,3,3.0042992,3
35,3,3.3936288,3
36,3,2.3425457,2
37,4,3.7079287,4
38,5,4.405273,5
39,5,4.332338,5
40,3,3.1609306,3
41,5,4.0971837,5
42,5,3.7871897,4
43,5,3.5224702,4
44,1,2.0252926,2
45,4,4.1157026,5
46,1,3.3740873,3
47,5,4.594789,5
48,4,2.1805146,2
49,1,1.4974303,1
50,4,4.271266,5
51,3,4.164651,5
52,5,3.2455812,3
53,4,3.2770724,3
54,1,2.4768126,2
55,1,3.5252697,4
56,2,2.9561713,3
57,1,3.478406,4
58,1,2.243935,2
59,2,3.0426133,3
60,4,4.2972727,5
61,3,2.7984474,3
62,2,4.121253,5
63,5,4.559848,5
64,4,3.3340383,3
65,5,3.0549018,3
66,3,4.1761975,5
67,1,1.6508758,1
68,4,3.791811,4
69,5,4.390128,5
70,3,3.204905,3
71,3,4.4598837,5
72,5,4.3414993,5
73,2,2.681277,3
74,4,2.3456128,2
75,5,3.837163,4
76,5,4.4829807,5
77,5,4.559875,5
78,2,2.2609458,2
79,3,2.8545928,3
80,1,2.0346258,2
81,2,3.2534237,3
82,3,3.0538146,3
83,2,3.7540612,4
84,3,3.2487226,3
85,1,1.8151815,2
86,5,3.075656,3
87,1,1.5911763,1
88,1,1.3487544,1
89,1,1.8388772,2
90,2,4.047001,4
91,4,3.967988,4
92,4,3.9358568,4
93,3,3.1851223,3
94,4,4.3070507,5
95,2,3.289691,3
96,4,3.695422,4
97,4,2.7146316,3
98,4,3.9287486,4
99,5,3.1942964,3
100,3,3.5714183,4
101,4,2.6822329,3
102,3,3.577934,4
103,1,2.532186,2
104,2,3.678114,4
105,1,2.1645632,2
106,3,4.368927,5
107,4,4.2528667,5
108,1,3.7065425,4
109,1,3.9210696,4
110,3,4.554335,5
111,5,4.3497605,5
112,4,3.4629312,4
113,2,3.8750687,4
114,4,3.7574677,4
115,3,3.209505,3
116,1,2.0257883,2
117,2,3.4045446,3
118,1,3.2021177,3
119,3,1.9430299,2
120,1,2.8279924,3
121,3,3.9319496,4
122,5,4.445863,5
123,5,2.9217024,3
124,5,4.224122,5
125,3,4.2786765,5
126,4,4.3675375,5
127,2,2.641536,3
128,3,3.1628244,3
129,5,2.7927527,3
130,4,3.0504367,3
131,3,3.736682,4
132,1,2.0764165,2
133,2,2.3902526,2
134,5,2.5262866,2
135,5,3.915044,4
136,1,2.0910654,2
137,1,1.4972961,1
138,3,3.040604,3
139,5,4.4857492,5
140,5,4.518303,5
141,5,4.230174,5
142,5,4.404105,5
143,3,2.148688,2
144,1,3.1710942,3
145,4,2.1231973,2
146,5,4.429178,5
147,1,1.4116025,1
148,1,3.4738758,4
149,1,1.2608291,1
150,2,3.5954578,4
151,4,3.2341745,3
152,4,3.78289,4
153,1,2.7133048,3
154,1,2.5670533,3
155,5,4.3106585,5
156,4,4.411456,5
157,1,2.1354086,2
158,1,4.3975806,5
159,2,4.032078,4
160,2,1.9716673,2
161,3,3.9124901,4
162,4,2.5655904,3
163,5,4.111006,5
164,1,1.5696806,1
165,2,2.5235822,2
166,1,2.0434659,2
167,1,1.7323403,2
168,3,3.344822,3
169,5,3.868977,4
170,5,4.0172243,4
171,5,4.477483,5
172,4,2.4476738,2
173,3,4.0897646,5
174,1,4.2697043,5
175,4,4.1494493,5
176,4,2.6957283,3
177,4,3.559248,4
178,5,4.364468,5
179,3,4.2323503,5
180,4,4.488372,5
181,5,4.105022,5
182,2,3.017797,3
183,3,2.372087,2
184,1,3.810203,4
185,4,4.167762,5
186,5,4.4460726,5
187,2,2.970843,3
188,5,4.0886564,5
189,4,4.440204,5
190,2,3.607364,4
191,1,3.5055122,4
192,2,2.4754133,2
193,5,4.375682,5
194,4,3.8519347,4
195,3,3.062473,3
196,1,2.9411736,3
197,1,1.6588671,2
198,2,2.6380758,3
199,3,2.7231576,3
200,2,2.655179,3
201,5,3.7875664,4
202,5,4.4609733,5
203,5,4.4442544,5
204,4,4.529444,5
205,2,4.119278,5
206,1,3.9489481,4
207,2,4.4593863,5
208,3,4.4034395,5
209,1,1.487818,1
210,1,2.0533662,2
211,4,4.0992794,5
212,1,3.7702398,4
213,4,4.342455,5
214,5,4.386772,5
215,4,4.1449013,5
216,3,3.1442769,3
217,1,3.792604,4
218,1,2.2751007,2
219,5,3.9312167,4
220,4,4.3993025,5
221,5,4.2696295,5
222,5,3.6522567,4
223,3,4.430269,5
224,1,3.0517688,3
225,5,4.3222027,5
226,5,4.258662,5
227,4,3.104857,3
228,4,3.9819994,4
229,2,3.5555131,4
230,5,4.3864546,5
231,4,4.367206,5
232,4,3.5078838,4
233,4,2.6047466,3
234,3,2.6808357,3
235,5,4.326698,5
236,1,3.4083703,3
237,1,3.124132,3
238,1,3.4635036,4
239,2,1.92693,2
240,2,2.80731,3
241,1,3.0517457,3
242,3,4.5433373,5
243,3,2.826604,3
244,4,4.264283,5
245,5,4.4320946,5
246,4,2.834464,3
247,5,4.435559,5
248,3,3.2876692,3
249,1,1.453526,1
250,1,1.4868813,1
251,4,3.9069858,4
252,5,4.3983393,5
253,5,4.5398855,5
254,1,1.8565953,2
255,2,4.0283027,4
256,2,2.8776445,3
257,5,3.8150346,4
258,4,3.0845077,3
259,5,3.9939,4
260,1,3.007494,3
261,4,4.1510534,5
262,2,3.5761552,4
263,4,4.4834423,5
264,3,3.8324559,4
265,3,3.9622629,4
266,1,3.4256406,3
267,1,2.178431,2
268,2,3.5824208,4
269,3,4.2114506,5
270,4,3.9506974,4
271,5,3.7175798,4
272,5,3.252851,3
273,4,3.5204413,4
274,4,3.844898,4
275,5,3.2237916,3
276,2,1.7122328,2
277,2,4.394308,5
278,1,2.0586998,2
279,4,4.371811,5
280,3,3.659847,4
281,1,2.2287927,2
282,5,4.467645,5
283,4,4.527522,5
284,2,4.196039,5
285,4,3.6252897,4
286,1,1.495025,1
287,4,4.075271,5
288,1,2.4974918,2
289,1,2.8692412,3
290,1,2.6002736,3
291,5,4.5266914,5
292,4,3.9924061,4
293,5,3.2666767,3
294,1,2.7489266,3
295,2,3.539471,4
296,3,3.876545,4
297,3,4.045886,4
298,4,4.337007,5
299,5,2.8266497,3
300,3,3.885078,4
301,2,3.257149,3
302,4,4.557853,5
303,5,4.420158,5
304,5,4.506665,5
305,1,1.4701962,1
306,1,1.9660187,2
307,1,3.0481188,3
308,2,4.36248,5
309,2,2.0630875,2
310,4,3.233663,3
311,3,3.6823862,4
312,3,4.040669,4
313,1,3.215956,3
314,2,3.422182,3
315,4,2.9577553,3
316,2,4.471655,5
317,5,3.6131637,4
318,2,2.635983,3
319,3,3.6383877,4
320,1,4.06482,4
321,2,4.2183685,5
322,5,3.803758,4
323,4,4.4754133,5
324,5,4.320078,5
325,2,4.119959,5
326,1,2.1130664,2
327,5,2.8180857,3
328,5,4.514814,5
329,3,3.679883,4
330,1,2.8443894,3
331,2,2.2529354,2
332,1,2.2658844,2
333,3,3.000237,3
334,5,4.314354,5
335,5,4.095543,5
336,3,4.2188497,5
337,1,2.5633101,3
338,5,4.2997165,5
339,3,4.220808,5
340,1,2.874755,3
341,2,2.9825902,3
342,5,4.6449304,5
343,2,1.8405893,2
344,1,3.8972044,4
345,1,2.28231,2
346,1,1.4483131,1
347,1,1.2717962,1
348,5,4.2961693,5
349,4,2.2693272,2
350,2,1.7063248,2
351,2,4.4636164,5
352,5,3.138486,3
353,5,3.9612236,4
354,5,3.3159275,3
355,5,3.4628549,4
356,5,4.3056936,5
357,2,3.6818452,4
358,3,3.723164,4
359,1,2.127928,2
360,3,3.0573454,3
361,1,2.278172,2
362,1,1.9853545,2
363,5,3.7241468,4
364,2,3.1024618,3
365,3,2.1145172,2
366,4,3.552834,4
367,1,3.5862124,4
368,2,3.994399,4
369,5,4.222011,5
370,4,3.5060506,4
371,3,2.4139376,2
372,1,3.6518188,4
373,1,4.081278,5
374,4,3.2116709,3
375,4,4.475689,5
376,1,4.1065235,5
377,2,3.3719118,3
378,1,3.5260472,4
379,5,3.1772633,3
380,3,4.0247183,4
381,1,2.3867936,2
382,2,4.4414606,5
383,4,4.3667274,5
384,1,4.0945196,5
385,1,3.426715,3
386,1,1.905617,2
387,1,1.601376,1
388,2,3.8638682,4
389,3,4.4080496,5
390,2,2.1865802,2
391,3,3.8827605,4
392,2,2.7214413,3
393,4,3.7702873,4
394,1,1.9161123,2
395,2,3.680678,4
396,1,1.5095775,1
397,3,3.1248953,3
398,4,4.278488,5
399,3,4.3009405,5
400,2,2.7448442,3
401,2,4.4296784,5
402,1,4.066908,4
403,1,2.7476418,3
404,1,4.206397,5
405,3,2.087265,2
406,2,4.242681,5
407,1,4.0610733,4
408,2,2.9528713,3
409,1,1.9288547,2
410,2,3.6747394,4
411,3,2.7892907,3
412,4,4.402076,5
413,1,1.67201,2
414,1,1.788189,2
415,5,3.9910626,4
416,1,2.7922254,3
417,3,2.98531,3
418,2,3.7623763,4
419,5,3.9471111,4
420,3,2.8078225,3
421,2,4.1111803,5
422,1,2.1959262,2
423,5,3.9575574,4
424,5,3.5685525,4
425,2,4.4500775,5
426,1,2.0785189,2
427,3,2.8737855,3
428,4,2.7160282,3
429,1,1.9674323,2
430,1,2.3620105,2
431,1,3.0317435,3
432,1,3.7289143,4
433,2,4.1747828,5
434,3,3.7572474,4
435,4,4.2812314,5
436,3,2.9296227,3
437,5,4.510915,5
438,2,1.6589508,2
439,1,2.175218,2
440,2,3.047562,3
441,1,2.8645113,3
442,4,3.112876,3
443,5,4.0662365,4
444,5,4.203636,5
445,5,2.9132457,3
446,2,2.5796964,3
447,1,1.7775173,2
448,1,2.7170343,3
449,3,4.289156,5
450,3,4.0044756,4
451,2,3.9858656,4
452,5,3.1940405,3
453,5,4.2542014,5
454,1,2.0814018,2
455,1,1.6778824,2
456,1,1.7921846,2
457,2,1.8544939,2
458,2,2.665432,3
459,3,2.8720307,3
460,2,2.7750325,3
461,1,2.5752237,3
462,3,3.4051628,3
463,2,2.6049633,3
464,2,1.4840937,1
465,1,3.6574614,4
466,1,2.50453,2
467,2,2.5417867,3
468,4,3.6177785,4
469,5,4.160993,5
470,3,2.8635674,3
471,1,2.3448107,2
472,2,2.7640438,3
473,1,2.239097,2
474,2,3.093297,3
475,4,4.4172225,5
476,4,4.4528975,5
477,1,3.3291101,3
478,3,2.271474,2
479,1,2.621133,3
480,4,2.6050963,3
481,3,2.9731293,3
482,2,2.7081342,3
483,1,2.6745582,3
484,3,3.201163,3
485,3,3.780431,4
486,4,3.8894649,4
487,1,3.275259,3
488,2,1.6767616,2
489,5,4.240845,5
490,5,3.526339,4
491,4,2.4122338,2
492,1,2.3143077,2
493,2,2.505303,2
494,3,3.8130178,4
495,3,3.4075181,3
496,5,4.0558805,4
497,4,4.22681,5
498,5,3.8285687,4
499,4,2.230184,2
500,5,3.7974575,4
501,4,3.660558,4
502,5,2.1789317,2
503,5,2.8293,3
504,2,2.9839325,3
505,4,4.0211525,4
506,2,3.1588767,3
507,2,3.282983,3
508,5,3.7508392,4
509,2,3.455233,4
510,3,3.6997132,4
511,1,2.8146057,3
512,5,3.8165443,4
513,2,3.1908033,3
514,1,3.494605,4
515,1,1.8426881,2
516,2,2.530308,2
517,4,3.8850455,4
518,5,3.0461645,3
519,5,1.5788875,1
520,2,3.4132586,3
521,4,2.9929442,3
522,5,4.3652334,5
523,2,1.8470988,2
524,1,3.4355488,4
525,1,2.8872418,3
526,1,3.0423765,3
527,3,3.055947,3
528,2,1.6547939,1
529,2,3.1119351,3
530,1,3.7693748,4
531,2,2.4522767,2
532,3,2.752097,3
533,2,2.9491882,3
534,4,3.1232667,3
535,3,3.999597,4
536,5,2.7509222,3
537,5,3.4409072,4
538,1,2.2594619,2
539,2,3.2862296,3
540,5,4.0867014,5
541,1,2.1467881,2
542,2,4.1867347,5
543,1,3.181007,3
544,1,2.5676618,3
545,5,3.7901084,4
546,3,2.4817262,2
547,1,1.7898812,2
548,5,3.5477335,4
549,2,3.3520906,3
550,5,3.6538906,4
551,1,2.5099196,2
552,3,3.6189084,4
553,2,3.8316767,4
554,1,2.844236,3
555,1,3.0979056,3
556,3,3.9830492,4
557,4,2.1022658,2
558,5,3.2838569,3
559,2,3.3355064,3
560,5,3.226131,3
561,3,1.9223226,2
562,2,1.9826165,2
563,5,2.4954371,2
564,5,4.2325454,5
565,1,2.6862092,3
566,2,2.3570914,2
567,1,2.3032694,2
568,1,3.244567,3
569,1,3.674508,4
570,3,2.009245,2
571,1,3.191149,3
572,1,3.633515,4
573,3,2.9325533,3
574,4,3.711277,4
575,5,3.3221157,3
576,1,1.7765557,2
577,1,3.5200822,4
578,1,3.218442,3
579,5,3.7006946,4
580,2,2.0116694,2
581,3,2.693122,3
582,4,3.76207,4
583,1,1.6632979,2
584,3,2.032436,2
585,5,3.7356277,4
586,2,3.3813508,3
587,3,1.837105,2
588,5,4.3402786,5
589,2,2.1138458,2
590,3,4.404457,5
591,4,3.641565,4
592,2,3.228286,3
593,1,2.100876,2
594,1,3.3809588,3
595,3,2.5174174,2
596,2,2.5016375,2
597,4,3.0618975,3
598,5,3.1776378,3
599,5,4.403019,5
600,3,3.5956619,4
601,1,2.1248672,2
602,5,3.7576435,4
603,2,2.5103183,2
604,5,2.1849527,2
605,3,2.8018932,3
606,4,3.0805807,3
607,2,2.3485537,2
608,1,4.428813,5
609,4,3.6053007,4
610,5,2.363666,2
611,4,3.4688997,4
612,2,3.1329503,3
613,1,3.8362827,4
614,1,3.161587,3
615,3,2.7745767,3
616,3,2.1698902,2
617,2,2.4520583,2
618,4,2.8810165,3
619,2,3.7549405,4
620,4,4.302356,5
621,2,1.8481718,2
622,1,3.5708182,4
623,2,2.7458506,3
624,2,4.308691,5
625,4,4.322534,5
626,1,2.639684,3
627,2,3.3648376,3
628,3,3.7321997,4
629,2,3.4975157,4
630,5,4.105595,5
631,4,4.259488,5
632,2,2.5262902,2
633,4,3.3906944,3
634,3,2.1132445,2
635,5,4.0970864,5
636,2,2.042737,2
637,1,2.3220978,2
638,2,2.9678333,3
639,1,4.154865,5
640,3,3.1731699,3
641,1,1.8961579,2
642,1,2.818396,3
643,2,2.2889369,2
644,5,2.6277351,3
645,4,3.3968918,3
646,3,3.4995737,4
647,2,3.151551,3
648,2,3.2607682,3
649,4,2.348084,2
650,4,3.1782584,3
651,3,2.86965,3
652,2,1.7025414,2
653,2,2.7550979,3
654,4,4.0674534,5
655,2,3.14487,3
656,3,3.9099116,4
657,1,4.042345,4
658,1,3.6347628,4
659,1,2.8274136,3
660,2,3.6157362,4
661,3,2.474557,2
662,1,1.5426722,1
663,1,2.119062,2
664,5,1.4981816,1
665,1,2.412126,2
666,1,1.8855107,2
667,3,3.6118982,4
668,2,3.3705468,3
669,2,2.6179578,3
670,3,2.772297,3
671,4,3.5762622,4
672,1,2.3800635,2
673,4,3.932947,4
674,2,3.2314847,3
675,5,4.3100424,5
676,3,2.226458,2
677,2,2.4182177,2
678,2,3.0409477,3
679,5,3.1277597,3
680,4,2.3558478,2
681,1,2.2174091,2
682,5,2.3608546,2
683,2,2.143537,2
684,1,3.9109669,4
685,1,3.9103591,4
686,2,3.7438424,4
687,3,4.3145247,5
688,3,2.4236178,2
689,3,2.2769103,2
690,1,3.5414605,4
691,1,2.4949732,2
692,2,3.9880614,4
693,4,3.8232596,4
694,3,3.1988053,3
695,2,3.165121,3
696,3,3.1619618,3
697,4,2.1400182,2
698,1,2.353537,2
699,5,3.9398203,4
700,4,3.0255003,3
701,5,4.131486,5
702,5,4.4703307,5
703,3,2.9927418,3
704,5,1.886104,2
705,5,3.327711,3
706,4,3.5893655,4
707,5,2.9081018,3
708,3,3.6139615,4
709,3,3.2849805,3
710,4,2.8712294,3
711,2,2.4212227,2
712,1,3.0054696,3
714,2,2.739767,3
715,3,2.6882005,3
716,4,3.8341506,4
717,4,3.0287325,3
719,3,2.647139,3
720,2,3.2171035,3
721,1,3.5065572,4
722,1,1.9046803,2
724,4,3.7203114,4
726,2,3.8179464,4
727,3,3.7003958,4
728,4,3.549741,4
730,3,3.6792579,4
731,5,3.6701384,4
732,4,3.114391,3
733,4,3.7416635,4
734,5,4.222809,5
735,3,4.082127,5
736,2,2.9515429,3
737,1,2.0327992,2
738,2,2.3920336,2
739,3,4.216342,5
740,4,3.1221335,3
741,5,4.521142,5
742,1,1.6433462,1
745,1,2.1916304,2
746,3,3.8533802,4
747,4,2.7316504,3
750,2,2.3735895,2
752,2,2.6783643,3
753,1,2.1852756,2
754,4,2.7917192,3
755,2,2.6236732,3
757,1,2.9911325,3
758,3,2.8073144,3
759,3,2.1814349,2
760,4,3.0469744,3
761,2,2.3068933,2
762,1,2.1478105,2
763,4,3.8921735,4
764,1,2.06293,2
766,1,2.1810794,2
768,5,4.47933,5
771,3,3.4698675,4
772,4,2.356802,2
774,2,4.4592247,5
775,3,2.638691,3
777,4,3.5574276,4
778,3,2.360846,2
779,5,3.2851577,3
780,2,3.8158445,4
781,1,2.2423105,2
782,2,2.6474423,3
783,1,3.4064465,3
785,5,3.7171574,4
786,3,3.4290776,3
787,1,2.0843217,2
788,5,3.168369,3
789,2,2.2154477,2
790,3,2.890325,3
791,1,2.7847915,3
792,5,3.5999985,4
793,4,4.3702817,5
794,4,2.8200555,3
795,1,2.3647032,2
797,5,4.4886694,5
798,1,2.2725701,2
801,2,2.93951,3
802,4,4.250209,5
803,4,2.9294372,3
804,1,2.761039,3
805,2,2.6593606,3
806,4,2.8619006,3
807,4,3.966077,4
808,4,2.5182648,2
810,2,4.007948,4
812,1,2.3811128,2
813,1,2.3365006,2
814,3,2.5510612,3
815,4,2.6733541,3
816,2,3.7709162,4
817,4,3.3000267,3
819,3,2.6432052,3
821,2,3.1203563,3
822,3,2.5028973,2
823,4,3.3405867,3
825,1,2.633587,3
826,2,3.4226952,3
827,4,3.5672605,4
829,1,1.6747701,2
830,2,3.2339227,3
831,2,1.5945258,1
832,1,2.5095701,2
833,1,2.278586,2
836,3,2.3195724,2
837,4,4.144089,5
838,4,3.8511665,4
839,2,3.22649,3
840,1,2.0924895,2
841,5,3.1882265,3
842,4,3.3797116,3
843,4,2.812223,3
844,3,2.2337565,2
845,3,2.2003908,2
846,4,1.8950377,2
847,4,2.5228767,2
848,5,4.0491166,4
850,3,2.3776875,2
851,4,2.7768745,3
852,2,2.294282,2
853,3,2.7990487,3
854,1,2.490821,2
855,5,4.1855836,5
856,1,1.6359813,1
858,2,3.3387449,3
859,3,2.7968726,3
860,3,3.7768207,4
861,1,2.5680003,3
862,2,2.0610132,2
864,1,3.1498568,3
865,4,3.1227808,3
866,5,4.50901,5
867,2,1.8205538,2
869,3,2.6543026,3
870,1,1.7428765,2
871,3,3.4223087,3
872,1,2.8673158,3
875,1,2.2873185,2
876,1,2.2897363,2
880,4,2.6798253,3
881,1,2.4057722,2
882,3,2.666069,3
883,3,2.5670085,3
886,1,2.6591449,3
887,1,2.0474024,2
889,4,3.7037582,4
890,3,2.5487626,3
891,1,1.9666467,2
893,4,3.4834569,4
894,1,3.5096574,4
895,1,2.9023588,3
897,1,3.1222074,3
898,4,4.17387,5
900,3,3.3549194,3
901,4,3.6960022,4
902,5,4.226266,5
904,4,4.243205,5
905,3,3.6212816,4
906,4,2.600854,3
907,2,3.2644749,3
909,5,3.0964212,3
913,2,2.2183924,2
914,4,3.0480192,3
915,5,3.9271555,4
916,1,1.784914,2
917,1,2.712216,3
921,2,3.128008,3
922,4,3.434973,4
923,3,2.3299932,2
924,2,2.0225167,2
925,4,3.6645699,4
926,5,2.793888,3
927,5,3.2587855,3
928,3,3.2094834,3
932,3,4.2185683,5
934,4,3.257749,3
935,1,1.8858336,2
936,1,2.6129425,3
938,5,4.161316,5
941,1,2.336335,2
942,4,2.8858967,3
943,1,1.8426559,2
944,3,3.5862417,4
945,1,3.1270633,3
946,1,2.4461563,2
948,2,3.2103224,3
949,1,2.7301517,3
950,1,1.9672098,2
953,1,2.31364,2
955,5,2.469564,2
956,2,1.9740438,2
957,3,2.3968062,2
958,5,2.6632118,3
960,2,3.7858565,4
961,4,3.3590772,3
962,4,2.6647499,3
964,4,4.3168797,5
965,3,3.4889638,4
966,3,3.884307,4
967,4,2.7656069,3
968,1,2.2476873,2
969,4,3.1697876,3
970,4,2.9750557,3
971,4,2.2939658,2
972,2,1.4942988,1
973,4,3.1984968,3
974,4,3.9450479,4
976,2,2.9811096,3
977,4,3.492899,4
978,4,2.8879557,3
980,2,2.6845286,3
984,4,2.5886567,3
985,3,2.8586493,3
988,1,1.7859838,2
992,3,3.4453764,4
993,5,4.360093,5
994,5,4.427099,5
995,4,3.4988413,4
1000,5,2.6768417,3
1001,4,2.4081173,2
1002,2,3.6609223,4
1004,1,2.7852461,3
1005,5,3.7696848,4
1008,3,3.2798576,3
1009,2,3.2634964,3
1010,4,3.3533344,3
1012,5,4.093169,5
1014,1,1.3376358,1
1015,4,2.535511,3
1016,5,4.05583,4
1017,3,1.3829292,1
1018,4,1.6347011,1
1019,2,1.9696693,2
1020,1,1.3886455,1
1022,1,1.432246,1
1023,1,1.3926358,1
1025,1,1.2143335,1
1026,2,4.4285398,5
1027,1,1.2834696,1
1028,1,2.160357,2
1029,1,1.3299229,1
1030,1,1.901442,2
1031,3,3.9899511,4
1033,1,1.2709484,1
1034,1,1.3296787,1
1035,1,1.4168854,1
1036,1,2.3485088,2
1037,1,1.3800662,1
1038,1,1.5368778,1
1039,1,2.1698878,2
1040,1,1.5054107,1
1041,4,2.7497678,3
1043,1,1.7978573,2
1044,1,1.7833339,2
1045,5,2.6610522,3
1046,1,2.1077356,2
1047,1,1.2040383,1
1048,1,1.1951249,1
1049,4,2.7763076,3
1052,3,3.6245265,4
1055,4,3.584751,4
1056,3,2.6508322,3
1057,2,3.121838,3
1058,3,3.3657162,3
1059,2,2.649148,3
1062,1,1.9002842,2
1063,3,2.426221,2
1064,3,3.2499266,3
1065,4,3.2828512,3
1069,3,2.5000613,2
1070,4,3.6638799,4
1071,3,2.8658168,3
1072,5,3.104138,3
1073,5,1.8145645,2
1075,3,3.2318075,3
1076,2,2.8320804,3
1077,3,3.2709363,3
1078,3,2.6050377,3
1079,1,1.817873,2
1080,1,3.6855197,4
1081,3,3.2889388,3
1084,3,3.3621151,3
1085,2,1.7145939,2
1086,4,3.2036283,3
1088,3,3.142004,3
1089,4,3.4893024,4
1090,1,2.3099818,2
1091,1,3.8662238,4
1092,4,3.4156106,3
1093,5,3.56539,4
1094,4,3.8004074,4
1095,3,3.655298,4
1096,1,3.357847,3
1097,4,2.830638,3
1098,3,3.7648182,4
1099,2,3.2104993,3
1100,1,2.4359014,2
1101,4,3.629397,4
1103,2,3.8189948,4
1104,1,3.0599387,3
1105,4,3.5256383,4
1111,3,2.8583007,3
1112,2,2.6843505,3
1113,3,4.031973,4
1115,2,2.5008287,2
1117,4,3.4743154,4
1118,5,3.8664374,4
1119,3,2.6535215,3
1121,5,4.4119854,5
1124,3,3.4094164,3
1125,3,3.9574633,4
1127,5,3.4164748,3
1128,2,1.9626238,2
1129,5,4.160438,5
1131,2,1.8370838,2
1134,2,1.7625198,2
1136,5,3.470837,4
1137,5,4.2532434,5
1139,3,2.7604747,3
1141,5,4.442825,5
1142,5,3.7019083,4
1144,4,2.7770162,3
1146,1,3.11557,3
1147,2,2.9923015,3
1148,4,3.2539227,3
1149,1,1.8229825,2
1151,3,2.9801893,3
1152,3,2.5987358,3
1153,4,3.5354848,4
1154,4,1.6698885,2
1155,3,1.7524142,2
1156,1,1.3891182,1
1158,1,1.2354536,1
1159,1,1.3867853,1
1160,1,1.7264247,2
1162,1,1.3136884,1
1165,1,1.647073,1
1166,1,1.2182388,1
1167,1,1.4072952,1
1168,1,1.2454154,1
1169,1,1.3280792,1
1170,2,1.9439735,2
1173,1,3.8464906,4
1174,2,1.6460376,1
1175,1,1.2819303,1
1176,1,2.6722584,3
1177,1,1.962533,2
1181,1,2.5818005,3
1183,1,1.268477,1
1184,1,1.7915659,2
1187,4,2.8404396,3
1188,4,4.021651,4
1189,3,2.6590137,3
1190,2,2.63363,3
1191,4,2.6915734,3
1192,3,2.7431905,3
1193,2,2.7370872,3
1194,2,3.025451,3
1196,4,3.701975,4
1197,1,3.304139,3
1198,3,2.7241714,3
1199,4,3.5009065,4
1200,3,2.923209,3
1201,3,4.0646915,4
1202,5,2.5729136,3
1203,3,3.011134,3
1204,5,4.2913666,5
1205,2,3.7693555,4
1206,1,2.6020937,3
1210,2,1.9171828,2
1212,3,2.6544206,3
1213,4,4.043026,4
1215,2,3.4515736,4
1216,4,3.2453115,3
1217,3,2.3230448,2
1218,5,2.9041538,3
1219,4,3.2504578,3
1220,2,2.8998728,3
1221,3,3.0814621,3
1223,1,3.0198035,3
1224,4,3.482341,4
1225,3,2.5033665,2
1226,1,2.0334177,2
1231,1,3.1443768,3
1233,3,4.1747108,5
1234,4,2.8401728,3
1235,1,2.6884847,3
1236,2,3.064629,3
1237,3,3.0031805,3
1238,1,2.7053776,3
1239,5,3.1749034,3
1240,2,2.8196182,3
1241,2,2.3015423,2
1242,1,1.7273471,2
1243,5,3.4055378,3
1245,4,3.9025373,4
1246,2,3.0111842,3
1247,1,1.8077173,2
1249,2,3.4463317,4
1250,3,3.674027,4
1251,3,2.857626,3
1252,2,3.2664852,3
1253,3,3.0707483,3
1256,3,3.5461679,4
1257,5,4.208123,5
1258,2,2.527193,2
1259,3,2.2226338,2
1260,1,3.1788166,3
1261,5,3.4386299,4
1262,3,3.1838195,3
1263,3,2.4461184,2
1266,1,2.2780738,2
1267,2,2.8840418,3
1268,1,2.6347847,3
1269,1,2.7380254,3
1270,3,3.1165056,3
1271,4,3.3760328,3
1272,2,3.141892,3
1273,4,3.8636563,4
1274,3,2.6288579,3
1276,4,3.9737628,4
1277,5,3.2538857,3
1278,3,2.6062846,3
1279,5,3.5514147,4
1280,2,2.776803,3
1283,5,2.8776543,3
1284,1,2.4154155,2
1285,3,3.4716685,4
1286,3,2.7567823,3
1287,2,3.5107064,4
1288,3,3.1167102,3
1289,4,3.6679828,4
1290,4,4.4418774,5
1291,3,3.1429768,3
1292,2,2.4159946,2
1293,1,2.4861612,2
1294,2,1.8645549,2
1295,2,2.26719,2
1297,3,3.7274594,4
1300,5,4.166032,5
1301,4,2.4518464,2
1303,4,2.569408,3
1304,5,2.3282175,2
1306,5,4.351327,5
1307,3,2.6696944,3
1308,4,2.8884501,3
1309,4,3.825439,4
1312,5,4.5121884,5
1314,4,2.568932,3
1315,5,4.3115263,5
1316,5,4.356453,5
1319,4,4.5254917,5
1322,3,3.0272949,3
1323,2,2.522018,2
1324,3,2.8743834,3
1325,4,3.8742733,4
1326,4,3.8749146,4
1327,5,3.010298,3
1328,5,3.5692453,4
1331,5,3.0723734,3
1333,3,2.298212,2
1334,4,4.504225,5
1335,4,4.258897,5
1336,3,3.0980482,3
1338,4,3.4576225,4
1339,4,3.8342485,4
1340,5,4.0373745,4
1341,3,3.888968,4
1344,4,2.0301921,2
1345,4,3.4721832,4
1346,1,2.309708,2
1348,5,3.0027986,3
1352,2,2.3925562,2
1353,2,2.4648247,2
1355,4,3.7496006,4
1356,4,3.690781,4
1357,1,3.1430335,3
1358,5,2.3873997,2
1359,4,2.9014955,3
1360,1,2.0439205,2
1361,4,3.5781255,4
1362,2,3.231748,3
1363,1,2.2017946,2
1364,1,3.952231,4
1365,2,1.615232,1
1366,4,3.2284806,3
1367,3,3.691228,4
1369,4,3.697273,4
1371,3,2.2347622,2
1373,1,2.5012698,2
1374,4,4.062554,4
1375,1,2.7833896,3
1376,3,2.5229259,2
1380,2,2.196804,2
1381,1,2.5224922,2
1382,4,3.3721783,3
1383,3,2.4571853,2
1384,2,2.5550213,3
1385,1,2.8049097,3
1386,2,2.9950829,3
1387,5,3.5475664,4
1388,4,4.245482,5
1389,4,3.173255,3
1390,5,4.350701,5
1391,5,4.0752172,5
1392,5,4.225247,5
1394,2,2.9712915,3
1396,5,2.721689,3
1397,4,3.325284,3
1398,3,2.084115,2
1399,5,4.1166,5
1401,2,3.071744,3
1402,3,2.9897342,3
1403,1,2.2153263,2
1404,1,2.5905378,3
1406,5,4.172926,5
1408,3,3.2192464,3
1409,1,3.3506875,3
1410,3,4.3712144,5
1411,4,4.3335743,5
1412,3,3.8101075,4
1413,2,2.6269932,3
1414,2,3.7991672,4
1415,1,2.2204318,2
1416,4,4.082444,5
1417,1,3.0950606,3
1418,1,2.501995,2
1420,1,1.9285357,2
1421,1,3.7732801,4
1422,1,1.7019844,2
1423,1,2.8236775,3
1424,1,1.9156108,2
1425,4,3.2167537,3
1426,1,1.5103269,1
1428,2,2.7715635,3
1430,1,1.785717,2
1431,2,2.203095,2
1432,1,3.693536,4
1434,1,1.5318627,1
1435,1,2.312501,2
1437,1,1.3427126,1
1438,1,1.4169911,1
1439,1,1.4615158,1
1440,1,1.4192076,1
1443,5,4.3223395,5
1445,1,2.1440525,2
1446,2,2.0249074,2
1447,4,2.5659618,3
1448,1,1.8900076,2
1449,1,1.4799472,1
1450,1,1.5191116,1
1451,4,2.8692474,3
1452,2,1.4669971,1
1453,2,1.8120837,2
1454,3,2.0083494,2
1457,2,1.5752516,1
1458,1,1.6949689,2
1460,2,3.7880793,4
1461,1,1.4076198,1
1462,5,3.4494116,4
1463,2,2.2521677,2
1466,5,4.4860616,5
1468,3,2.130308,2
1469,3,1.8664277,2
1470,2,1.4122216,1
1471,1,1.7963402,2
1472,3,3.4960368,4
1473,2,2.529086,2
1474,1,1.5442988,1
1475,1,2.2618232,2
1476,3,1.9303112,2
1477,3,2.290208,2
1478,2,1.6956992,2
1479,2,2.1470022,2
1480,1,1.767514,2
1483,1,1.7376804,2
1484,5,2.4866462,2
1485,2,2.0362139,2
1489,3,1.7928152,2
1490,1,1.511847,1
1491,2,1.9642684,2
1492,5,4.330447,5
1493,2,2.3822868,2
1494,1,1.9044561,2
1495,1,1.896873,2
1496,2,4.021243,4
1497,5,4.215665,5
1498,3,2.1602638,2
1499,1,2.6778593,3
1501,3,2.4286842,2
1503,2,2.5571022,3
1504,1,2.25288,2
1505,1,3.2289746,3
1506,1,1.2124102,1
1511,2,1.8413526,2
1512,1,2.7499454,3
1513,1,1.694855,2
1514,3,2.583585,3
1515,1,1.3547816,1
1516,3,4.145952,5
1517,4,4.2390237,5
1518,5,1.6053863,1
1519,3,1.3343418,1
1520,2,1.5291021,1
1521,1,2.56809,3
1522,1,1.6521989,1
1523,1,2.1307027,2
1524,5,4.067069,5
1525,2,1.3503075,1
1526,2,1.9858792,2
1527,3,2.339886,2
1528,2,2.2356334,2
1529,4,3.9834445,4
1530,1,1.4153659,1
1532,4,3.0649056,3
1533,2,1.7077503,2
1535,1,2.1114793,2
1537,1,1.5584254,1
1538,1,1.4196591,1
1539,1,1.847581,2
1541,2,2.1513152,2
1542,1,2.0949774,2
1543,2,2.0517588,2
1544,4,2.4971566,2
1546,1,1.2850938,1
1547,2,1.9647499,2
1548,1,2.8309324,3
1549,1,1.9959798,2
1550,3,2.6619682,3
1551,4,1.843863,2
1552,3,2.1076665,2
1553,1,1.7287221,2
1554,1,1.855624,2
1558,2,1.83412,2
1559,1,1.6025784,1
1560,3,1.8073926,2
1563,2,2.8135824,3
1564,1,3.0588472,3
1565,1,1.6233957,1
1566,3,1.7623634,2
1568,1,2.4685764,2
1570,3,1.9149356,2
1571,4,4.0848746,5
1572,3,1.5606737,1
1574,1,1.3560741,1
1575,4,4.354662,5
1576,3,1.7574816,2
1577,1,2.1705961,2
1578,3,3.8827934,4
1580,4,1.519595,1
1582,1,1.8066105,2
1584,3,1.6357121,1
1585,2,1.6342709,1
1587,2,1.4524283,1
1588,3,1.6433433,1
1590,1,1.4669771,1
1591,1,1.4333787,1
1593,1,1.7907226,2
1594,1,1.4471846,1
1595,1,1.6219207,1
1596,3,3.010162,3
1597,2,2.4467945,2
1598,3,3.3478272,3
1599,2,1.6520231,1
1600,1,1.4764633,1
1601,1,1.1849279,1
1604,1,1.3161093,1
1605,1,1.5115051,1
1606,4,2.7141721,3
1607,4,1.6474234,1
1608,4,1.5307801,1
1609,3,1.3530096,1
1610,3,3.0819812,3
1611,1,2.2952423,2
1612,5,4.539535,5
1614,2,1.8271245,2
1617,2,2.0327756,2
1618,1,1.8898631,2
1619,1,2.0807662,2
1620,5,4.233205,5
1621,5,3.0054953,3
1622,3,1.497889,1
1624,5,3.3396215,3
1625,1,1.4115236,1
1628,3,2.04561,2
1630,3,2.3287807,2
1631,1,1.9541776,2
1633,2,1.9169511,2
1634,2,2.7741637,3
1635,3,3.5148773,4
1636,1,1.4257622,1
1638,2,2.3260448,2
1639,1,1.3549943,1
1640,1,3.4054656,3
1641,3,1.7062981,2
1642,2,1.4581774,1
1643,1,1.3943388,1
1645,3,2.6556177,3
1646,5,2.509131,2
1647,2,1.5769094,1
1650,2,1.7947173,2
1651,1,4.326802,5
1652,3,1.728985,2
1653,2,3.7103398,4
1654,2,1.40149,1
1655,4,3.8647013,4
1656,1,1.8535922,2
1657,2,2.416485,2
1658,3,1.4106383,1
1659,2,2.4852605,2
1660,4,2.6837354,3
1661,3,2.1827893,2
1663,2,1.9365166,2
1665,2,1.6295514,1
1666,1,1.6772535,2
1667,1,1.7868037,2
1668,1,1.975688,2
1669,1,1.5276654,1
1670,2,2.5753357,3
1671,3,2.6575172,3
1672,2,1.3120558,1
1674,3,2.778616,3
1675,2,1.6799567,2
1677,1,1.725577,2
1679,1,1.1855204,1
1680,1,1.1781088,1
1681,1,1.1718005,1
1682,1,1.3871167,1
1683,3,1.874897,2
1684,4,1.6892769,2
1685,1,1.4342362,1
1686,3,1.9628422,2
1687,1,1.579568,1
1688,1,1.963196,2
1689,4,3.7220962,4
1690,1,1.2772919,1
1691,4,3.9815474,4
1692,1,1.3917909,1
1693,4,1.8801376,2
1694,4,2.618447,3
1695,2,1.6698773,2
1696,3,2.5335019,3
1697,3,2.5712268,3
1702,1,1.5202553,1
1703,3,3.0398762,3
1705,5,3.1536155,3
1706,3,1.3749137,1
1707,4,1.711477,2
1708,2,1.3759131,1
1709,2,1.7590547,2
1711,2,2.0318863,2
1712,1,1.6396102,1
1713,3,3.4465733,4
1714,3,1.3210458,1
1715,4,3.8974204,4
1716,3,3.1134098,3
1719,4,2.6302214,3
1720,5,3.724555,4
1721,4,3.3115838,3
1722,2,3.5104558,4
1724,4,2.5498285,3
1726,2,1.5323749,1
1727,1,3.9205425,4
1728,2,1.9587913,2
1729,4,4.233017,5
1730,1,1.8227673,2
1731,2,2.226144,2
1732,1,2.4144688,2
1734,3,3.366325,3
1735,1,1.3404268,1
1738,1,1.6915824,2
1739,2,2.0255845,2
1740,1,2.6853662,3
1741,4,4.342981,5
1742,4,4.2682233,5
1743,2,1.9634598,2
1744,5,4.3719177,5
1745,1,1.6445618,1
1746,5,4.392812,5
1748,3,3.7685997,4
1749,1,1.4676253,1
1750,1,1.5633146,1
1751,1,1.3705481,1
1752,1,1.6980237,2
1755,1,1.2297783,1
1756,1,1.2358588,1
1758,1,1.5649456,1
1759,2,1.6309144,1
1760,1,1.5777589,1
1762,1,1.5500772,1
1763,1,3.3088517,3
1765,1,1.6749058,2
1766,3,3.2961476,3
1769,2,2.1685205,2
1770,3,1.922782,2
1772,1,1.44145,1
1774,1,1.2531759,1
1775,1,1.9948153,2
1776,2,2.7223253,3
1777,1,1.7002794,2
1779,3,1.5869222,1
1781,3,1.718586,2
1782,2,1.8403758,2
1783,4,3.912664,4
1784,1,1.3284292,1
1786,2,2.0249815,2
1787,3,2.1719122,2
1788,1,1.4640753,1
1789,1,1.2915562,1
1790,1,1.5963037,1
1792,1,1.9412606,2
1793,1,1.7763567,2
1794,2,1.6936187,2
1795,1,1.8547266,2
1796,1,1.4479731,1
1797,1,2.3513212,2
1798,3,4.1508923,5
1799,5,2.1431706,2
1801,2,1.6337101,1
1805,1,1.4284275,1
1807,1,1.6005437,1
1808,3,2.880824,3
1809,3,3.932764,4
1810,3,2.6099968,3
1811,3,1.554501,1
1815,2,1.4784892,1
1818,1,1.7802253,2
1819,1,1.4123478,1
1820,1,1.4705818,1
1821,1,2.1759174,2
1822,2,1.8952055,2
1823,1,1.3307347,1
1825,1,1.6893511,2
1826,2,1.7276672,2
1829,1,1.423914,1
1830,4,3.6676965,4
1831,1,1.3427718,1
1832,5,4.4861126,5
1833,2,2.0421555,2
1836,3,2.6217046,3
1839,2,1.9097753,2
1840,1,1.5511107,1
1841,3,1.5337939,1
1842,1,2.6381023,3
1843,2,1.6238972,1
1844,1,2.1708608,2
1845,4,4.2603025,5
1846,2,1.6031444,1
1847,1,1.1750537,1
1848,1,1.199547,1
1849,1,1.1867268,1
1850,2,1.5044253,1
1852,1,1.3688877,1
1853,1,2.6095324,3
1854,1,2.040473,2
1855,1,1.7615371,2
1856,2,1.9832542,2
1857,1,1.7748497,2
1858,5,3.762364,4
1860,2,1.5950792,1
1861,4,3.22155,3
1862,3,1.8979659,2
1863,3,2.4435,2
1864,3,2.7975945,3
1866,2,1.5428278,1
1867,1,1.3860495,1
1868,1,1.2997835,1
1869,2,1.2785819,1
1870,3,2.713374,3
1871,3,1.8283472,2
1872,4,3.979599,4
1874,1,1.750393,2
1875,2,1.8106905,2
1876,1,2.1598058,2
1878,4,2.0749745,2
1879,3,1.7313533,2
1880,1,1.7255651,2
1881,2,1.7745432,2
1882,4,3.893167,4
1883,3,1.9398769,2
1884,1,1.2762818,1
1885,2,2.8480573,3
1886,1,2.9308124,3
1888,2,2.2299953,2
1889,1,1.5833151,1
1891,1,1.2618973,1
1892,2,1.7784551,2
1897,2,1.6157084,1
1898,1,2.190875,2
1899,1,1.5304987,1
1901,1,1.3917179,1
1902,1,1.5104179,1
1903,1,1.3010277,1
1905,1,1.8676213,2
1906,4,2.0491595,2
1909,1,1.3022354,1
1911,1,1.385343,1
1912,1,2.0934196,2
1913,1,1.5327295,1
1914,1,1.5697484,1
1915,5,3.859938,4
1916,4,1.9772899,2
1917,1,3.233748,3
1918,1,2.0859842,2
1919,2,1.4937565,1
1923,2,3.3201447,3
1924,1,1.5098697,1
1926,4,1.7703841,2
1927,1,2.5215316,2
1928,4,1.7615911,2
1929,3,1.6326251,1
1930,1,1.5086949,1
1932,5,3.7738729,4
1933,5,1.8944294,2
1934,5,2.665572,3
1935,5,3.805183,4
1936,4,1.8837657,2
1938,5,1.5955156,1
1939,5,1.6590735,2
1940,5,3.218142,3
1941,2,1.5401373,1
1942,4,1.4365249,1
1943,4,1.897357,2
1945,3,1.4330099,1
1946,4,3.3327227,3
1947,1,1.7250617,2
1948,4,2.6650028,3
1950,5,3.8681374,4
1951,3,2.3554568,2
1952,5,4.2209053,5
1953,5,2.2241864,2
1954,4,2.1353574,2
1956,2,2.0607302,2
1957,4,2.1669807,2
1958,1,1.1918426,1
1959,1,1.1686368,1
1960,1,1.1941698,1
1961,1,1.1869527,1
1962,2,2.704554,3
1965,1,1.6026137,1
1966,1,1.4132288,1
1967,3,1.4656065,1
1968,3,1.513382,1
1970,2,1.426761,1
1973,2,1.5293417,1
1974,2,1.6107475,1
1975,2,2.1575809,2
1976,1,1.2334931,1
1977,1,1.8955505,2
1979,4,2.7847786,3
1980,2,1.402519,1
1981,5,2.6104326,3
1982,5,2.9905856,3
1983,2,1.4535787,1
1984,1,1.9258304,2
1985,2,1.4702452,1
1987,2,1.8479257,2
1991,4,2.698294,3
1994,1,1.6021843,1
1995,1,1.6921322,2
1996,1,2.1264606,2
1997,2,1.4970183,1
2000,3,1.3887964,1
2001,1,1.8157136,2
2002,3,2.8481426,3
2003,1,1.528358,1
2004,2,2.1600204,2
2005,5,2.6512346,3
2006,1,1.4293901,1
2008,5,4.1643014,5
2009,2,1.6724684,2
2011,4,2.3755198,2
2012,1,1.3814607,1
2013,1,1.3905408,1
2014,3,2.5088105,2
2015,1,1.3502012,1
2016,2,1.8558965,2
2018,1,1.6424847,1
2019,1,1.7840543,2
2020,1,2.0354695,2
2021,5,2.7985597,3
2023,1,2.4094987,2
2024,2,1.8369517,2
2025,1,1.6847234,2
2026,3,3.0220904,3
2027,4,1.9186525,2
2028,1,1.663643,2
2029,1,2.7412891,3
2031,3,1.6608942,2
2034,1,2.181106,2
2035,1,1.7807953,2
2036,1,2.387452,2
2038,1,2.7861888,3
2039,1,1.5073247,1
2040,1,1.3096185,1
2042,1,1.7067051,2
2043,5,3.6560283,4
2044,1,1.4469662,1
2045,4,1.2986395,1
2046,1,1.7634876,2
2047,2,3.5652797,4
2048,1,1.3717903,1
2049,4,2.321382,2
2050,1,1.2861562,1
2051,4,2.0746937,2
2053,1,1.7727268,2
2054,1,1.2419761,1
2055,1,1.46503,1
2056,1,1.7130041,2
2058,3,1.4327432,1
2063,2,1.7301822,2
2065,1,1.1617856,1
2067,1,1.2202967,1
2068,3,2.3683019,2
2069,3,2.4142592,2
2070,1,1.7730806,2
2071,1,1.8217349,2
2072,3,2.8320293,3
2073,3,1.7108262,2
2075,2,1.7136593,2
2076,1,1.6529503,1
2077,1,1.4235044,1
2079,4,1.7587687,2
2080,2,2.0016503,2
2081,2,1.7363551,2
2084,1,1.5682263,1
2085,4,2.679687,3
2086,1,1.434276,1
2088,3,1.5848616,1
2090,2,1.9411354,2
2091,1,1.4910207,1
2092,2,2.268545,2
2094,1,2.3668365,2
2095,5,4.334605,5
2096,2,1.3831697,1
2097,1,1.7290738,2
2099,2,2.6510634,3
2100,2,2.032629,2
2101,1,1.4603355,1
2104,1,1.7500353,2
2105,1,1.8843861,2
2107,3,1.5455753,1
2108,1,1.4337118,1
2109,1,2.1070306,2
2110,1,2.678268,3
2111,1,2.3155808,2
2115,1,1.5630131,1
2116,1,1.72281,2
2117,2,2.0817723,2
2118,1,1.6373854,1
2119,1,1.8239934,2
2123,1,2.2286963,2
2124,1,1.5632348,1
2125,1,1.7948308,2
2126,3,2.490744,2
2127,2,1.7189953,2
2128,4,3.4598818,4
2129,4,2.0767198,2
2131,1,1.6576626,2
2132,3,2.8255208,3
2133,5,3.937222,4
2134,1,1.2818775,1
2135,2,1.7109443,2
2137,3,1.993222,2
2138,1,1.169283,1
2139,1,1.1999137,1
2140,2,1.4626697,1
2141,1,1.8862658,2
2142,5,3.4883888,4
2143,3,1.9600041,2
2145,1,1.3496296,1
2146,1,1.3996109,1
2147,3,2.840613,3
2150,1,1.7024422,2
2151,1,1.7083144,2
2152,4,1.8773141,2
2155,3,2.242488,2
2157,1,1.3139668,1
2158,1,1.6614925,2
2159,1,1.5896502,1
2160,1,2.356477,2
2162,1,1.5484524,1
2163,4,3.3691075,3
2164,1,1.7350261,2
2166,3,1.774193,2
2168,3,1.6633605,2
2169,3,2.3416348,2
2170,1,1.6988246,2
2171,5,3.4810505,4
2172,3,2.4090133,2
2173,1,1.4777201,1
2174,2,1.6151142,1
2175,4,1.7166598,2
2176,3,1.8318347,2
2177,1,1.4898704,1
2178,2,1.5699743,1
2179,2,2.186079,2
2181,2,1.6265323,1
2182,1,1.7489436,2
2183,5,4.459833,5
2184,5,4.262944,5
2185,1,1.6334863,1
2187,3,2.1162744,2
2189,2,1.7686911,2
2192,1,1.3380812,1
2193,1,1.8306396,2
2195,3,2.2731051,2
2196,1,1.2860065,1
2197,2,2.2016122,2
2198,2,1.6109127,1
2200,1,2.0564713,2
2201,1,2.0033019,2
2202,2,2.5847554,3
2203,3,1.8070192,2
2204,1,3.4123976,3
2207,3,1.7688661,2
2212,1,1.5068846,1
2213,1,1.3997467,1
2214,1,1.4881754,1
2215,2,1.7289016,2
2216,1,1.2259185,1
2217,1,1.2037306,1
2218,1,1.1926241,1
2219,1,1.1804578,1
2220,1,1.2492656,1
2221,1,1.8305497,2
2222,2,1.900408,2
2223,3,1.4133008,1
2224,1,1.6832545,2
2226,1,1.7808244,2
2227,3,1.6391273,1
2228,3,2.8174715,3
2229,3,2.26553,2
2231,1,1.2566059,1
2232,2,1.3785039,1
2233,1,1.7717376,2
2234,2,1.9190645,2
2235,1,1.7231104,2
2236,1,2.4796197,2
2238,1,1.5337279,1
2239,1,1.3947582,1
2240,4,2.4336548,2
2241,1,2.8363047,3
2242,4,2.2264462,2
2243,3,1.3697209,1
2244,1,1.4531078,1
2245,1,1.6863699,2
2246,1,1.7450507,2
2248,1,1.3516455,1
2249,1,1.2877387,1
2250,1,1.826288,2
2252,2,1.7755837,2
2253,4,1.8299227,2
2254,3,1.9993768,2
2255,2,2.2489853,2
2256,3,1.7750679,2
2257,4,1.8391618,2
2260,4,2.6553092,3
2261,2,3.1140382,3
2263,1,1.6763277,2
2267,1,1.4417254,1
2268,2,1.8744063,2
2270,3,1.8760202,2
2271,4,1.3449398,1
2272,2,1.6505756,1
2273,1,2.24929,2
2274,2,2.528601,2
2276,1,1.4596188,1
2278,1,3.090418,3
2279,4,3.7849324,4
2280,1,2.34303,2
2281,4,1.9915924,2
2283,1,2.5992916,3
2285,1,1.5667254,1
2286,1,1.3208814,1
2287,1,2.0736384,2
2288,2,1.9401109,2
2289,1,1.372132,1
2291,5,1.9674338,2
2293,1,1.3970088,1
2294,1,1.5667224,1
2295,1,1.486748,1
2297,1,2.1367383,2
2298,3,2.3711345,2
2299,1,1.1704756,1
2300,1,1.1705334,1
2301,1,1.3087409,1
2302,3,1.3753091,1
2303,1,2.0835218,2
2306,3,2.4143045,2
2307,2,1.6744792,2
2308,1,1.3707311,1
2309,3,1.378679,1
2310,2,1.6825855,2
2311,1,1.6863132,2
2312,1,1.5972316,1
2313,1,1.3311933,1
2314,3,1.7429873,2
2315,1,1.7981021,2
2316,1,1.3744036,1
2317,3,2.1827235,2
2318,2,1.7358446,2
2319,2,3.165866,3
2320,2,1.4053822,1
2321,4,1.6709731,2
2323,2,2.3398643,2
2324,1,1.3803593,1
2325,1,1.7971011,2
2327,1,1.8217585,2
2328,4,2.2036142,2
2330,4,1.7123935,2
2331,3,1.9854331,2
2332,1,1.6146828,1
2333,2,1.5232451,1
2334,1,1.5825706,1
2335,3,1.5771389,1
2336,1,1.6241293,1
2337,2,1.7917092,2
2338,1,2.37779,2
2340,3,1.6067312,1
2341,2,1.4386183,1
2342,1,1.634042,1
2343,2,1.7291062,2
2345,1,1.6467454,1
2347,3,1.889518,2
2348,1,1.6272465,1
2349,1,1.6729915,2
2350,1,1.4192243,1
2351,2,1.6466734,1
2352,1,1.6464486,1
2353,1,1.8051679,2
2355,3,1.9058646,2
2359,1,1.5132247,1
2361,2,1.8626161,2
2362,1,2.9318967,3
2363,1,1.7295617,2
2364,1,1.4150233,1
2365,1,2.0169647,2
2366,2,1.7613263,2
2367,1,1.4883913,1
2368,1,1.2136202,1
2369,5,1.6353036,1
2370,1,1.4737141,1
2371,2,1.4303417,1
2372,1,1.7668376,2
2373,2,2.0874848,2
2374,1,1.3926609,1
2375,1,1.7591001,2
2376,1,1.6116997,1
2377,1,2.1931982,2
2378,1,1.3897928,1
2379,4,2.5571868,3
2380,3,2.5095835,2
2382,4,2.586004,3
2383,5,2.77664,3
2384,3,2.2573888,2
2385,2,1.6584768,2
2386,1,1.745641,2
2387,3,2.0786972,2
2388,1,1.5589716,1
2389,2,1.7721242,2
2391,1,1.5315998,1
2392,1,1.6630285,2
2393,1,2.1389942,2
2394,1,1.5535214,1
2395,1,1.5387533,1
2396,2,1.620609,1
2398,1,1.4281739,1
2399,3,2.2452493,2
2401,3,1.5644407,1
2402,1,1.7956977,2
2403,1,1.5131364,1
2404,2,1.3450075,1
2405,3,1.5052435,1
2407,4,2.5741272,3
2411,1,1.5845277,1
2412,3,1.8171905,2
2413,4,1.7123845,2
2414,1,1.3967673,1
2415,1,1.3701081,1
2416,3,1.8884335,2
2417,1,1.8088427,2
2418,1,1.5398798,1
2422,2,1.3929015,1
2425,3,1.9818937,2
2426,1,1.4283084,1
2427,3,1.4665711,1
2429,1,1.3432368,1
2431,1,1.4219483,1
2433,1,1.4032285,1
2434,5,2.849862,3
2435,4,1.8710452,2
2436,3,1.6945517,2
2439,1,2.046978,2
2440,2,1.49522,1
2441,1,1.1770499,1
2442,1,1.3039174,1
2443,3,2.8435733,3
2444,1,1.9974587,2
2445,1,2.1189687,2
2447,1,1.5149088,1
2448,3,1.7510285,2
2451,1,1.7558286,2
2453,2,1.5104601,1
2454,3,2.330284,2
2455,1,1.4455793,1
2456,4,1.5477986,1
2457,1,1.7525296,2
2458,1,1.6688654,2
2459,1,1.3639727,1
2461,2,2.1231816,2
2462,1,1.4823418,1
2463,1,1.4667593,1
2464,3,1.4738047,1
2466,3,1.3127037,1
2467,4,3.1599064,3
2468,5,2.7691717,3
2472,1,1.5810859,1
2473,1,1.7608523,2
2474,1,1.4556917,1
2478,4,1.5266467,1
2479,1,1.9591438,2
2480,5,4.4186244,5
2481,1,1.5090163,1
2482,3,2.1880364,2
2485,3,2.3490024,2
2487,4,1.5975206,1
2488,2,2.1484184,2
2489,1,2.0527182,2
2490,1,1.3587083,1
2493,1,1.3111078,1
2494,2,1.9935331,2
2496,1,1.5726296,1
2498,4,2.2674322,2
2499,1,1.4929366,1
2502,1,1.6308696,1
2503,2,3.520878,4
2504,1,1.686248,2
2506,2,2.0304937,2
2508,1,1.6910893,2
2509,1,1.252573,1
2510,3,2.2036426,2
2511,2,1.8998692,2
2512,1,1.9439931,2
2513,1,1.504787,1
2515,4,2.2362576,2
2516,4,1.4096274,1
2517,3,2.8099751,3
2519,2,1.8776457,2
2520,1,1.9059027,2
2521,4,1.6499765,1
2522,2,1.8268881,2
2523,1,1.5272951,1
2525,1,1.3972589,1
2526,1,1.8758322,2
2527,2,1.6461718,1
2528,2,1.9927475,2
2530,1,1.4235299,1
2531,2,2.0379744,2
2532,1,1.8150438,2
2533,3,1.6137301,1
2536,1,1.4843136,1
2539,1,1.8272731,2
2540,1,1.8075814,2
2541,3,1.9064574,2
2543,1,1.4459523,1
2545,2,1.3654311,1
2546,2,1.4485881,1
2547,1,1.686579,2
2548,2,1.5238612,1
2550,4,2.66782,3
2552,1,1.5345619,1
2553,3,1.7874708,2
2554,2,1.9530425,2
2555,1,1.5996552,1
2556,1,1.3682721,1
2557,2,2.0412838,2
2558,3,1.9348536,2
2559,1,1.6153686,1
2560,1,1.48599,1
2561,1,1.532649,1
2563,1,1.7741473,2
2564,4,1.9120964,2
2565,1,2.523984,2
2566,2,1.7274911,2
2567,1,2.0751693,2
2568,2,1.6167336,1
2569,2,2.12565,2
2571,1,1.9240174,2
2574,1,1.1949543,1
2575,3,3.1989539,3
2576,2,1.3725184,1
2578,3,1.4252961,1
2579,1,1.3998164,1
2580,1,1.6990607,2
2581,1,1.4537678,1
2582,1,1.7296405,2
2584,3,1.6472907,1
2585,2,2.1334147,2
2586,1,1.7313812,2
2587,1,1.8634872,2
2588,4,2.0308678,2
2590,3,1.4096975,1
2592,2,2.8381834,3
2594,1,1.5912056,1
2595,3,2.662946,3
2596,1,1.4994804,1
2598,3,1.701078,2
2599,2,1.4733733,1
2601,3,2.3872135,2
2602,5,2.2341058,2
2604,2,2.2610037,2
2605,4,1.7342402,2
2606,2,1.4872243,1
2607,1,1.7723987,2
2608,3,2.5396657,3
2609,1,1.860235,2
2610,2,1.6987549,2
2611,3,2.2828774,2
2612,1,1.4267504,1
2613,1,1.4174273,1
2614,1,1.6672462,2
2615,2,1.4484272,1
2616,1,1.296418,1
2617,1,1.5485088,1
2618,2,2.2979445,2
2619,2,1.5259436,1
2621,3,1.295794,1
2623,1,1.5991004,1
2624,1,1.6897078,2
2626,3,2.500729,2
2627,1,1.356248,1
2628,5,4.418953,5
2629,1,1.4843879,1
2630,1,1.5823948,1
2631,1,1.6329429,1
2632,4,2.1497889,2
2633,2,1.6519841,1
2634,1,1.451223,1
2636,3,2.1908698,2
2637,1,2.2848158,2
2638,4,2.7880979,3
2640,3,2.643958,3
2642,3,2.3347235,2
2644,3,2.2256758,2
2645,1,1.5262485,1
2646,1,1.5286474,1
2647,2,2.994069,3
2648,2,2.3523726,2
2649,1,1.5044897,1
2651,1,2.451528,2
2652,4,2.3408475,2
2655,1,2.197929,2
2659,3,1.6711473,2
2660,2,1.8977383,2
2661,2,1.7067719,2
2662,1,1.8006544,2
2663,3,3.3243766,3
2665,2,1.7642314,2
2667,2,2.105506,2
2668,1,1.727288,2
2669,1,2.046959,2
2670,1,1.2748933,1
2671,3,1.5836124,1
2672,1,1.5013791,1
2673,2,2.2693644,2
2674,3,2.4978333,2
2675,4,2.3267236,2
2677,2,1.5317085,1
2678,1,3.3548656,3
2679,1,1.7480043,2
2680,3,1.6997411,2
2681,2,2.016306,2
2682,1,1.6489062,1
2683,1,1.6233895,1
2684,2,2.3271103,2
2686,1,1.8631942,2
2687,4,3.419291,3
2688,1,1.5643014,1
2694,1,1.5489229,1
2695,1,1.262103,1
2696,1,1.5651091,1
2697,2,1.4584223,1
2698,1,1.6106541,1
2699,2,1.9612589,2
2700,3,2.8022459,3
2701,1,1.6854975,2
2703,2,1.6500599,1
2704,2,1.9193956,2
2705,1,1.5904174,1
2706,1,1.3282987,1
2708,1,2.8464048,3
2710,3,1.8562651,2
2711,2,1.6404772,1
2713,1,1.5222812,1
2715,3,1.3377051,1
2716,2,1.897073,2
2717,1,1.522569,1
2718,1,1.6279807,1
2719,4,2.0563755,2
2720,3,1.3991292,1
2721,1,1.6850895,2
2722,1,1.620462,1
2723,1,1.4003539,1
2724,1,1.5758715,1
2725,1,2.252893,2
2726,2,2.994493,3
2727,2,2.0019073,2
2728,3,1.3293414,1
2729,1,1.9186091,2
2731,4,1.7356925,2
2732,1,1.6238425,1
2733,2,1.468217,1
2735,1,1.6634696,2
2737,2,1.6250875,1
2738,2,2.0715647,2
2739,3,3.6288748,4
2740,2,1.8211411,2
2741,1,1.4145334,1
2742,4,2.1321738,2
2743,2,1.3829577,1
2744,1,1.2113885,1
2745,3,2.939459,3
2747,2,2.4757807,2
2748,3,1.8226683,2
2749,4,1.705908,2
2750,4,3.9600751,4
2751,2,1.5823219,1
2752,3,2.866212,3
2753,1,1.775243,2
2754,4,3.0789976,3
2755,2,2.1398659,2
2756,3,2.661254,3
2757,2,3.2616315,3
2758,4,2.11876,2
2759,1,1.5267085,1
2760,1,2.1233766,2
2761,2,1.6643939,2
2762,1,1.5906656,1
2763,1,1.5865121,1
2764,2,2.8604326,3
2765,2,2.0881126,2
2766,1,1.6877037,2
2768,1,1.5772333,1
2770,4,2.0376945,2
2771,2,1.3948916,1
2772,5,4.161194,5
2773,2,1.5097502,1
2774,1,1.6080651,1
2775,1,1.3621516,1
2776,1,1.443719,1
2777,1,1.2747613,1
2778,2,1.3535364,1
2779,3,1.7213786,2
2780,1,1.3396846,1
2781,1,1.3894379,1
2783,1,1.4908159,1
2784,2,2.423735,2
2785,1,2.512847,2
2787,1,1.5519736,1
2788,2,2.233067,2
2790,4,4.272025,5
2792,2,1.3959503,1
2794,2,1.6064464,1
2795,5,1.9119387,2
2797,2,1.896464,2
2798,1,1.5365405,1
2799,1,1.4645793,1
2800,3,1.3229011,1
2801,2,1.847274,2
2802,1,1.6030133,1
2803,1,1.5502417,1
2804,1,1.2632439,1
2806,2,1.9582409,2
2807,2,1.7658218,2
2809,1,1.700285,2
2811,1,1.1828108,1
2812,1,1.3616376,1
2813,2,1.5574859,1
2815,3,3.144666,3
2816,2,1.3247218,1
2817,3,2.3581398,2
2818,2,1.4335318,1
2820,1,2.0345721,2
2821,4,2.2607508,2
2823,1,1.5525532,1
2824,2,1.917004,2
2825,1,1.6485116,1
2827,3,1.8221757,2
2830,3,1.6000237,1
2831,1,1.9377732,2
2832,2,1.6599431,2
2833,1,1.6863158,2
2835,4,1.547564,1
2837,1,1.4781346,1
2838,2,1.7139426,2
2839,1,1.7868791,2
2840,1,1.4600062,1
2841,1,1.5248454,1
2842,1,1.6369381,1
2845,1,1.8753612,2
2846,4,2.1884158,2
2849,1,1.3691304,1
2850,2,1.9043329,2
2851,2,2.141821,2
2852,3,1.6816654,2
2853,2,1.6429474,1
2856,1,1.5171516,1
2857,2,1.8958523,2
2858,1,2.1520305,2
2859,2,1.8965335,2
2860,1,2.1547832,2
2861,3,1.4679017,1
2862,2,1.8969319,2
2864,2,1.8624017,2
2865,1,1.3178917,1
2867,1,1.6198311,1
2869,1,1.8518502,2
2870,1,1.3101332,1
2872,1,1.5998452,1
2873,3,2.0867867,2
2874,1,1.4036453,1
2875,1,2.5107968,2
2879,2,2.7425494,3
2881,1,1.8657513,2
2882,3,1.7885187,2
2883,1,2.3194704,2
2885,2,1.8838899,2
2886,3,1.6412032,1
2887,3,1.6088808,1
2888,2,1.729906,2
2890,1,1.7609013,2
2891,4,2.7962408,3
2892,1,1.6840386,2
2894,2,1.5758046,1
2895,1,1.4513206,1
2897,4,1.9251533,2
2899,3,1.6180505,1
2901,4,2.2676764,2
2902,3,1.5730222,1
2904,1,1.6003063,1
2906,2,1.3773061,1
2907,1,1.4737843,1
2908,1,1.1814703,1
2909,4,2.3647032,2
2910,3,1.7144811,2
2911,1,1.6729109,2
2914,2,1.3573164,1
2915,4,2.2534988,2
2916,2,1.647304,1
2918,1,1.4047631,1
2919,2,1.4330192,1
2921,3,3.5005994,4
2922,1,1.4050326,1
2923,1,1.853721,2
2924,2,2.0254421,2
2925,2,1.6616321,2
2926,1,2.3998632,2
2927,2,1.3343222,1
2928,2,2.0071769,2
2929,1,1.490862,1
2930,4,1.7657508,2
2932,1,1.8557422,2
2934,1,1.3285544,1
2935,1,1.357579,1
2936,2,1.3610475,1
2937,4,3.157506,3
2938,2,1.4707111,1
2939,4,2.5645494,3
2940,1,1.3906072,1
2941,2,1.4725677,1
2942,1,1.3388729,1
2943,1,1.8581003,2
2944,2,1.4716234,1
2945,3,1.360715,1
2946,5,1.7046051,2
2948,2,1.5138564,1
2949,1,1.2629846,1
2950,1,1.4512343,1
2952,1,1.438441,1
2953,2,1.5377514,1
2954,1,1.9030668,2
2955,2,2.4792018,2
2957,3,2.2919464,2
2958,2,1.5913255,1
2960,4,2.246026,2
2961,1,1.5288484,1
2963,1,1.4736276,1
2964,1,1.3134084,1
2965,3,2.0288343,2
2966,1,1.6353474,1
2969,2,2.2491841,2
2970,3,1.337879,1
2971,1,1.6095488,1
2972,3,1.6755686,2
2974,2,2.4023867,2
2975,4,2.383994,2
2976,1,1.47761,1
2977,2,1.3331504,1
2978,2,1.9158326,2
2979,1,1.439361,1
2980,2,1.2643254,1
2981,1,2.9764338,3
2982,1,1.4456179,1
2984,1,1.3194042,1
2985,4,3.6984627,4
2986,2,1.4923837,1
2990,3,1.871795,2
2991,1,1.5640421,1
2992,1,1.6755323,2
2993,1,1.7739832,2
2995,4,1.3034984,1
2996,1,1.4583162,1
2997,1,1.4109274,1
2998,1,1.628681,1
2999,2,2.3305583,2
3000,1,2.3820148,2
3002,1,1.5077994,1
3003,1,1.243817,1
3004,1,1.6691172,2
3006,1,1.3742399,1
3007,2,2.0564945,2
3009,3,1.6273425,1
3010,4,1.7762141,2
3011,2,1.7248275,2
3012,3,1.8376799,2
3013,1,1.5352771,1
3014,1,1.925961,2
3016,1,1.7716558,2
3017,1,1.6657372,2
3019,4,2.558154,3
3020,2,1.6607165,2
3021,1,2.8772354,3
3022,5,3.0299916,3
3023,1,1.6117082,1
3024,1,2.553288,3
3025,2,2.0906959,2
3026,1,1.686692,2
3027,1,1.3671584,1
3029,1,1.553704,1
3030,3,2.21992,2
3031,1,1.785294,2
3032,2,1.3501399,1
3033,1,1.8489114,2
3036,1,1.6524116,1
3037,1,1.5261644,1
3038,2,1.5123878,1
3039,3,1.5972717,1
3040,1,1.3920403,1
3041,3,1.7120898,2
3042,1,1.4454918,1
3043,1,2.6175904,3
3044,1,1.428572,1
3045,2,1.3139834,1
3046,2,1.6721058,2
3047,3,1.9133017,2
3048,2,1.6963884,2
3049,5,1.6490722,1
3050,2,2.3045688,2
3052,2,1.3407482,1
3054,1,1.8373584,2
3055,1,1.6451476,1
3056,1,1.4966041,1
3057,2,1.9492996,2
3058,5,2.7244828,3
3061,4,2.9345393,3
3062,4,1.9899654,2
3064,1,1.3919247,1
3065,1,1.5164319,1
3066,1,1.5583594,1
3067,2,1.3731718,1
3068,3,2.2979298,2
3070,1,2.4794636,2
3071,1,2.359611,2
3072,1,1.2849896,1
3073,3,1.8180201,2
3074,3,2.1976867,2
3075,3,3.1802266,3
3076,1,1.7150519,2
3078,1,1.6336756,1
3081,3,1.456769,1
3082,2,1.6819352,2
3083,2,1.3759557,1
3086,3,1.8133259,2
3087,5,2.5487332,3
3088,5,3.9738376,4
3089,1,1.5626907,1
3090,3,1.2632153,1
3091,1,1.4865372,1
3092,2,1.7925146,2
3093,1,1.1766515,1
